"name","value"
"CHANNELINFO","0x0001"
"USERINFO","0x0002"
"USER_STATE","0x0003"
"STAMINA","0x0004"
"DUNGEON_PERMISSION","0x0005"
"USER_LEAVE","0x0006"
"REQUEST_PEER","0x0007"
"RESPONSE_PEER","0x0008"
"PARTY_INFO","0x0009"
"WALKOUT","0x000A"
"USER_UDP_IP_PORT","0x000B"
"MESSAGE","0x000C"
"ITEM_LIST","0x000D"
"UPDATE_ITEM_LIST","0x000E"
"CHANGE_ITEMTRADE_ITEM","0x000F"
"CANCEL_ITEMTRADE","0x0010"
"STATE_ITEMTRADE","0x0011"
"FINISH_ITEMTRADE","0x0012"
"SKILLINFO","0x0013"
"CHANGE_BONUSSP","0x0014"
"ACCEPTABLE_QUEST_LIST","0x0015"
"USER_POSITION","0x0016"
"USER_AREA","0x0017"
"AREA_USERS","0x0018"
"FISHING","0x0019"
"UDP_HOST","0x001A"
"ENTER_SELECT_DUNGEON","0x001B"
"DUNGEON_INFO","0x001C"
"START_MAP","0x001D"
"FINISH_LOADING","0x001E"
"ENABLE_CLEAR_DUNGEON","0x001F"
"DIE_STATE","0x0020"
"FAIL_CLEAR_DUNGEON","0x0021"
"PLAY_RESULT","0x0022"
"CLEAR_DUNGEON_REWARD","0x0023"
"FATIGUE","0x0024"
"EXP","0x0025"
"DIE_MONSTER","0x0026"
"GET_ITEM","0x0027"
"DROP_ITEM","0x0028"
"PVP_ROOM_INFO","0x0029"
"PVP_ROOM_STATE","0x002A"
"PVP_SEAT_STATE","0x002B"
"PVP_READY_STATE","0x002C"
"START_PVP","0x002D"
"DIE_PVP_CHARACTER","0x002E"
"END_PVP","0x002F"
"PVP_RECORD","0x0030"
"REQ_PVP_RANK","0x0031"
"KEY_COUNT","0x0032"
"MONEY_FULL","0x0033"
"FRIEND_INFO","0x0034"
"CERA","0x0035"
"BUDDY_IN","0x0036"
"BUDDY_OUT","0x0037"
"BUDDY_CONN_LIST","0x0038"
"PVPEXP_OF_WEEK","0x0039"
"GUILD_ENTER","0x003A"
"GUILD_SECEDE","0x003B"
"GUILD_MARK_CHANGE","0x003C"
"GUILD_DISMISS","0x003D"
"GUILD_CHAT_MSG","0x003E"
"GUILD_CHAR_NAMES","0x003F"
"GUILD_MEMBER_LOGIN_OUT","0x0040"
"MESSAGE_OTHER_CHANNEL","0x0041"
"CERA_SPECIALITEM","0x0042"
"CARD_SELECT_COMPLETE_STATE","0x0043"
"CERA_GROUP_HISTORY","0x0044"
"SERVEREVENT","0x0045"
"GUILD_INFO","0x0046"
"GUILD_CREATE","0x0047"
"MEMBER_MEMBER_LOGIN_OUT","0x0048"
"REQUEST_MEMBER_ENTER_TO_RESPONSER","0x0049"
"MEMBER_ENTER_OK","0x004A"
"DELETE_MEMBER_ID","0x004B"
"PAY_TAX_TO_UPPER","0x004C"
"MEMBER_SECEDE","0x004D"
"CREATE_PRIVATE_STORE","0x004E"
"REMOVE_PRIVATE_STORE","0x004F"
"FROCE_REMOVE_PRIVATE_STORE","0x0050"
"COMPLETE_DISPLAY","0x0051"
"BUY_PRIVATE_STORE_ITEM","0x0052"
"PRIVATE_STORE_ITEM","0x0053"
"PRIVATE_STORE_LIST","0x0054"
"PRIVATE_STORE_INFO","0x0055"
"SERVER_BROADCAST","0x0056"
"WARROOM_INFO","0x0057"
"WARROOM_STATE","0x0058"
"WARROOM_SEAT_STATE","0x0059"
"START_WARROOM","0x005A"
"WARROOM_MONSTER_SPAWN","0x005B"
"CLEAR_WARAREA_REWARD","0x005C"
"WARROOM_GET_ITEM","0x005D"
"ADD_KP","0x005E"
"WARROOM_DIE_STATE","0x005F"
"CLEAR_WARAREA_FP","0x0060"
"MAILBOX_MAIL_LIST","0x0061"
"MAILBOX_REMOVE_MAIL","0x0062"
"MAILBOX_ALARM","0x0063"
"DIED_CREATURE","0x0064"
"RENAME_CREATURE","0x0065"
"GAIN_EXP_CREATURE","0x0066"
"CREATURE_STATE","0x0067"
"RESPONSE_CREATURE","0x0068"
"CREATURE_ITEM_LIST","0x0069"
"EVOLUTE_CREATURE","0x006A"
"REVIVAL_CREATURE","0x006B"
"EVENT_INFO","0x006C"
"GUILD_WAR_END","0x006D"
"GUILD_WAR_RESULT","0x006E"
"CODE_CHECKSUM_RANGE","0x006F"
"PVP_TURN_PLAYER","0x0070"
"PVP_REQUEST_FIGHT","0x0071"
"CREATURE_MESSAGE","0x0072"
"BOSS_DIE_CHECK","0x0073"
"SEAL_DOOR_ITEMS","0x0074"
"GUILD_WAR_START","0x0075"
"MEGAPHONE_MSG","0x0076"
"CREATURE_SCRIPT_MESSAGE","0x0077"
"PVP_REVIVE","0x0078"
"TIME_CHECK","0x0079"
"SP_RETURN_INFO","0x007A"
"CHECK_FORCED_DISCONNECT","0x007B"
"ENTER_GAMEWORLD_COMPLETE","0x007C"
"REQ_HUMAN_CERTIFY","0x007D"
"GM_REQUEST_MID","0x007E"
"GUILD_MEMBER_INFO","0x007F"
"MOVE_ASSAULT_PLACE","0x0080"
"COMPLETE_LOAD_ASSAULT","0x0081"
"START_ASSAULT","0x0082"
"DIE_ASSAULT_PLAYER","0x0083"
"END_ASSAULT","0x0084"
"REVIVAL_ASSAULT_PLAYER","0x0085"
"VIEW_ASSAULT_ICON","0x0086"
"LEAVE_ASSAULT_PLACE","0x0087"
"CHANGE_HP","0x0088"
"CLOSE_ASSAULT","0x0089"
"TELEPORT","0x008A"
"GIVE_ALARM","0x008B"
"CHANGE_GUILD_MEMBER_GRADE","0x008C"
"GUILD_MESSAGE_TO_GUILD_MEMBER","0x008D"
"DEATH_TOWER_INFO","0x008E"
"START_DEATH_TOWER_MAP","0x008F"
"DEATH_TOWER_STATE_RANKING","0x0090"
"DEATH_TOWER_STATE_REWARD","0x0091"
"DEATH_TOWER_STATE_EPLP","0x0092"
"CALL_GUILD_INVITE_TO_INVITED","0x0093"
"REPLY_GUILD_INVITE_TO_CALLER","0x0094"
"GUILD_MASTER_DELEGATE","0x0095"
"HAS_BEEN_GUILD_MASTER","0x0096"
"GUILD_SECEDE_TO_USER","0x0097"
"SECURITY_CARD_AUTH_REQ","0x0098"
"PARTY_MEMBER_REALTIME_INFO","0x0099"
"NEW_FD","0x009A"
"TOTAL_POWER_WAR_POINT","0x009B"
"TRY_ENCHANT","0x009C"
"PUT_ITEM_FOR_ENCHANT","0x009D"
"CANCEL_ENCHANT","0x009E"
"POWER_WAR_START","0x009F"
"POWER_WAR_END","0x00A0"
"POWER_WAR_START_TIME","0x00A1"
"POWER_WAR_END_TIME","0x00A2"
"POWER_WAR_PROLONG","0x00A3"
"SET_CHARAC_UNLIMIT_CHALLENGE","0x00A4"
"AA_STARTINFO","0x00A5"
"AA_TIME","0x00A6"
"MANGLE_HEADER","0x00A7"
"HAS_NO_GO_WITH_APC_QUEST_IN_PARTY","0x00A8"
"AUCTION_ALARM","0x00A9"
"DUNGEON_EVENT_STORY_PAUSE","0x00AA"
"MOUSE_REGIST_DISCARD","0x00AB"
"LOAD_COOLTIME_ITEM_INFO","0x00AC"
"GAME_OPTION","0x00AD"
"LOAD_EFFECT_ITEM_INFO","0x00AE"
"MATCH_STATE","0x00AF"
"SECURE_INPUT_MSG_TRADING","0x00B0"
"SHOP_COIN_EVENT","0x00B1"
"USE_RANDOMBOX_ITEM","0x00B2"
"SET_DURABILITY","0x00B3"
"ONE_DAY_LETHE_INIT","0x00B4"
"GLOBAL_EFFECT_INFO","0x00B5"
"POWER_WAR_REWARD_CHARACTER_RANKING","0x00B6"
"AUCTION_NOTIFY_AUCTION_SERVICE","0x00B7"
"MINIINFO_DUNGEON_TO_VILLAGE","0x00B8"
"MINIINFO_GUILD_INFO","0x00B9"
"PCROOM_PLAYER_LOGIN_LOGOUT","0x00BA"
"SERVER_EVENT_PHASE","0x00BB"
"POWER_WAR_WINNER_SIDE","0x00BC"
"CREATE_GUILD_AGIT","0x00BD"
"DELETE_GUILD_AGIT","0x00BE"
"GUILD_AGIT_INFO","0x00BF"
"SERVER_MESSAGE_INFO","0x00C0"
"HACKSHIELD_CLIENT_REQUEST","0x00C1"
"NPC_FAVOR","0x00C2"
"NPC_MOOD","0x00C3"
"RETURNEE_COUNT","0x00C4"
"GUILD_MEMBER_MEMO","0x00C5"
"MILEAGE","0x00C6"
"DISCONNECT_REASON","0x00C7"
"POWER_WAR_POINT_AFTER_ASSAULT","0x00C8"
"POWER_WAR_PROCESS_INFO","0x00C9"
"VILLAGE_OBJECT_LIST","0x00CA"
"REQUEST_DISJOINT_ITEM","0x00CB"
"NEXON_CASH_EVENT","0x00CC"
"EXPERT_JOB_INFO","0x00CD"
"CREATE_DISJOINT_STORE","0x00CE"
"HELLPARTY_VALUE","0x00CF"
"BLOOD_DUNGEON_STATE_RANKING","0x00D0"
"BLOOD_DUNGEON_STATE_REWARD","0x00D1"
"BLOOD_MONSTER_SPAWN","0x00D2"
"START_BLOOD_MAP","0x00D3"
"BLOOD_INFO","0x00D4"
"BLOOD_CRAZY_MONSTER_SPAWN","0x00D5"
"BLOOD_ROUND_MAX_TIME","0x00D6"
"BLOOD_ROUND_INTERVAL_TIME","0x00D7"
"POWER_UP","0x00D8"
"CLOSE_DISJOINT_STORE","0x00D9"
"CHANGE_GUILD_NAME_TO_GUILD_MEMBERS","0x00DA"
"USE_SHARED_EFFECT_ITEM","0x00DB"
"POWER_WAR_POWER_UP_TIME","0x00DC"
"POWER_WAR_POWER_UP_INFO","0x00DD"
"PUNISH_END_TIME","0x00DE"
"POWER_WAR_RESULT","0x00DF"
"POWER_WAR_STRAIGHT_VICTORIES","0x00E0"
"ITEM_LIMIT_EDITION_INFO","0x00E1"
"POWER_WAR_BAN_ABUSER","0x00E2"
"POWER_WAR_HP","0x00E3"
"REVIVAL_CHARAC_TIMEOUT","0x00E4"
"CHARAC_DAILY_CONNECTION","0x00E5"
"ASK_LEAVE_PARTY","0x00E6"
"POWER_WAR_USER_JOIN_INFO","0x00E7"
"LOCK_IN_SERIA_ROOM_MESSAGE","0x00E8"
"REQUEST_EXIT","0x00E9"
"CONDITION_EVENT_CLEAR_INFO","0x00EA"
"BLOOD_DUNGEON_CLEAR_COUNT","0x00EB"
"BLACKLIST_PROBLEM_CHILD_TIME","0x00EC"
"GUILD_CARGO","0x00ED"
"VILLAGE_MONSTER_LIST","0x00EE"
"VILLAGE_MONSTER_POSITION","0x00EF"
"UPDATE_VILLAGE_MONSTER_LIST","0x00F0"
"START_VILLAGE_ATTACKED","0x00F1"
"END_VILLAGE_ATTACKED","0x00F2"
"FIGHT_VILLAGE_MONSTER","0x00F3"
"TAKE_SCREEN_SHOT","0x00F4"
"MOVE_MAP","0x00F5"
"CREATE_VILLAGE_MONSTER","0x00F6"
"UPDATE_VILLAGE_ATTACKED","0x00F7"
"STARTED_VILLAGE_ATTACKED","0x00F8"
"FINISH_VILLAGE_MONSTER_FIGHTING","0x00F9"
"VILLAGE_ATTACKED_REWARD","0x00FA"
"ITEM_LOCK_LIST","0x00FB"
"ITEM_UNLOCK","0x00FC"
"REQUEST_ITEM_UNLOCK_OTP","0x00FD"
"ELEVATOR_CLEAR_TIME_CHECK","0x00FE"
"EXERCISE_MODE_CLEAR","0x00FF"
"SAFE_PUNISH_MESSAGE","0x0100"
"ADD_EFFECT_ITEM_INFO","0x0101"
"ARS_ALERT","0x0102"
"MAX_LEVEL_LETHE_REWARD","0x0103"
"ITEM_EFFECT","0x0104"
"EPLP_RECHALLENGE","0x0105"
"ONTIME_EVENT_REWARD_START","0x0106"
"ONTIME_EVENT_REWARD_END","0x0107"
"ZERO_EXP","0x0108"
"POWER_WAR_VICTORY_BONUS","0x0109"
"HOLD_VICTORY","0x010A"
"VICTORY_INFO","0x010B"
"PROPER_DUNGEON_CLEAR_COUNT","0x010C"
"REQUEST_ADD_PVP_BUDDY","0x010D"
"PVP_BUDDY_IN","0x010E"
"PVP_BUDDY_OUT","0x010F"
"PVP_BUDDY_CONN_LIST","0x0110"
"UNITED_SERVER_FRIEND_INFO","0x0111"
"INOUT_UNITED_SERVER_FRIEND","0x0112"
"NCC","0x0113"
"BREAK_AWAY_REWARD","0x0114"
"RENEWAL_LETHE_REWARD","0x0115"
"TRADE_PUNISH_END_TIME","0x0116"
"SECRET_SHOP_NPC","0x0117"
"SECRET_SHOP_ITEM_LIST","0x0118"
"COMPLETE_LOAD_PVP","0x0119"
"CONNECT_P2P_PVP","0x011A"
"ONLIE_PRELIMINARY_TEAM","0x011B"
"SELECT_ROUTING","0x011C"
"ROUTING_RESULT","0x011D"
"TEMPORARY_PASSPAD_ALARM","0x011E"
"USE_SAMSUNG_RANDOMBOX_ITEM","0x011F"
"USE_GOBLIN_RANDOMBOX_ITEM","0x0120"
"BREAK_GUILD","0x0121"
"LIMIT_ITEM_USAGE","0x0122"
"QUEST_TRIGGER_LIST","0x0123"
"REDEEM_LIST","0x0124"
"CHARAC_LINK_MESSAGE","0x0125"
"CHARAC_LINK_BONUS","0x0126"
"DISCONNECT_LOW_LEVEL_LINK_CHARAC","0x0127"
"SPAWN_RIDABLE_OBJECT","0x0128"
"ULTIMATE_DIFFICULTY_UI","0x0129"
"DUNGEON_INOUT_MESSAGE","0x012A"
"MEMBER_BONUS_FATIGUE_LIMIT","0x012B"
"EVENT_RIDABLE_INFO","0x012C"
"PREMIUM_GOLD_CARD","0x012D"
"PERIODIC_MESSAGE","0x012E"
"TIME_SYNC","0x012F"
"RETURN_USER","0x0130"
"REQUEST_VIDEO_OBSERVER","0x0131"
"STOP_VIDEO_OBSERVER","0x0132"
"TODAY_GUILD_MEMBER","0x0133"
"JOIN_GUILD_INFO","0x0134"
"REQUEST_VIDEO_OBSERVER_ERROR","0x0135"
"RESPONSE_VIDEO_OBSERVER","0x0136"
"ACHIEVE_GUILD_ATTENDANCE","0x0137"
"COMPLETE_CONDITION_PASS_GATE","0x0138"
"BREAK_AWAY_QUEST_DATA","0x0139"
"ANSWER_REMATCH","0x013A"
"SPECIFIC_EVENT_NOTIFICATION","0x013B"
"CASH_INVENTORY","0x013C"
"END_PVP_RESULT","0x013D"
"REGISTER_MATCH","0x013E"
"REMATCH_REMAIN_COUNT","0x013F"
"TEAM_LEADER","0x0140"
"DEBUG_FILE_PRINT","0x0141"
"PUNISH_CANCEL","0x0142"
"PVP_MISSION_LIST","0x0143"
"PVP_MISSION_CLEAR","0x0144"
"PVP_MISSION_NEW","0x0145"
"ROOM_INFO_LABYRINTH","0x0146"
"ROOM_STATE_LABYRINTH","0x0147"
"SEAT_STATE_LABYRINTH","0x0148"
"DIE_CHARACTER_LABYRINTH","0x0149"
"BATTLE_MODE_LABYRINTH","0x014A"
"LABYRINTH_SEAT_STATE","0x014B"
"LABYRINTH_ROOM_STATE","0x014C"
"START_LABYRINTH","0x014D"
"REPLY_LABYRINTH_MONSTER_UID","0x014E"
"FINISH_LOADING_LABYRINTH","0x014F"
"INCREASE_LABYRINTH_FP","0x0150"
"DIE_LABYRINTH_CHARACTER","0x0151"
"REVIVAL_LABYRINTH_CHARACTER","0x0152"
"END_LABYRINTH","0x0153"
"WARROOM_WP_PER_MONSTER","0x0154"
"PVP_BONUS_COUNT","0x0155"
"EXPAND_EQUIPSLOT_INFO","0x0156"
"FAIR_PVP_CHANNEL_FIRST_LOGIN","0x0157"
"RESET_ONE_A_DAY_ITEM_SHOP","0x0158"
"WARROOM_PENALTY_WP","0x0159"
"SECU_SERVICE_STATE","0x015A"
"USER_APC_INFO_TOD","0x015B"
"TOD_CLEAR_REWARD","0x015C"
"CHARAC_QP_POINT","0x015D"
"QUEST_SHOP_BUYING_STATUS_LIST","0x015E"
"TOTAL_ITEM_MAKING_SKILL_POINT","0x015F"
"GAIN_ITEM_MAKING_SKILL_POINT","0x0160"
"CHANGE_HOST_WARROOM","0x0161"
"GIVE_ITEM","0x0162"
"IDOL_BRING_UP","0x0163"
"CLEAR_QUEST_LIST","0x0164"
"CHARAC_INVISIBLE_FALGS","0x0165"
"TITLE_BOOK_LIST","0x0166"
"ACHIEVEMENT_LIST","0x0167"
"ACHIEVEMENT_COMPLETE","0x0168"
"EVENT_SERVER_AUTO_QUEST_CLEAR_REWARD_DATA","0x0169"
"CREATE_GROUP","0x016A"
"INVITE_MEMBER","0x016B"
"INVITE_MEMBER_LIST","0x016C"
"GROUP_MEMBER_LIST","0x016D"
"LEAVE_USER_FROM_GROUP","0x016E"
"MESSAGE_GROUP_CHAT","0x016F"
"GROUP_CHAT_USER_STATE","0x0170"
"EVENT_ALL_USER_GIFT","0x0171"
"CHECK_PICK_UP_RANDOM_OPTION_ITEM","0x0172"
"MESSAGE_HYPER_LINK","0x0173"
"MESSAGE_OTHER_CHANNEL_HYPER_LINK","0x0174"
"MEGAPHONE_MSG_HYPER_LINK","0x0175"
"PVP_SERVER_INFO","0x0176"
"EVENT_INIT_INFO","0x0177"
"EVENT_HISTORY_INFO","0x0178"
"START_GIVE_ITEM_GROWTH_POWER_SYSTEM","0x0179"
"PARTY_TELEPORT_STATUS","0x017A"
"AURA_TYPE_COOLTIME","0x017B"
"SHOW_EFFECT","0x017C"
"SECURITY_REWARD","0x017D"
"SOLOPLAY_REJECT_MSG","0x017E"
"MADE_QUICK_PARTY","0x017F"
"CANCEL_QUICK_PARTY","0x0180"
"UPDATE_QUICK_PARTY","0x0181"
"ITEM_DICTIONARY","0x0182"
"TOURNAMENT_INFO","0x0183"
"TOURNAMENT_MAP_INFO","0x0184"
"TOURNAMENT_CLEAR_REWARD","0x0185"
"REMAIN_GHOST_TIME","0x0186"
"CHARACTER_OPTION","0x0187"
"SHUTDOWN_NOTICE","0x0188"
"SHUTDOWN_TARGET_NOTICE","0x0189"
"SHUTDOWN_AlARM","0x018A"
"ITEM_DICTIONARY_TOTAL","0x018B"
"SOCIAL_EVENT_SLOT_INFO","0x018C"
"SOCIAL_EVENT_REQUEST_LIST","0x018D"
"SOCIAL_EVENT_CHARAC_LOGIN","0x018E"
"RESPONSE_SOCIAL_EVENT_MEMBER","0x018F"
"SOCIAL_EVENT_SLOT_DEL_INFO","0x0190"
"SOCIAL_EVENT_CHARAC_LOGOUT","0x0191"
"LIMIT_NPC_BUY_ITEM_CHANGE_INFO","0x0192"
"CHARACTER_STATUS","0x0193"
"LIMIT_NPC_BUY_ITEM_INFO_ALL","0x0194"
"CHRISTMAS_TREE_INFO","0x0195"
"SERIA_ROOM_DECO_INFO","0x0196"
"OBJECT_BRING_UP_USE_ITEM","0x0197"
"SOCIAL_EVENT_SEVER_STATE","0x0198"
"_2012NEWYEAR_INFO","0x0199"
"BUFF_EVENT_WINNER","0x019A"
"_2012_NEWYEAR_DRAGON_EFFECT","0x019B"
"EMOTICON_CONF_INFO","0x019C"
"BOOSTER_GAGE","0x019D"
"SHUTDOWN_AUTH_RESULT","0x019E"
"TAG_CHARACTER_INFO","0x019F"
"MANAGE_LEVEL_UP","0x01A0"
"INFORM_NOTICE","0x01A1"
"VERIFY_PVP_LAG_USER","0x01A2"
"PVP_LAG_USER_PENALTY","0x01A3"
"GM_CHECK_LAG_OCCUR","0x01A4"
"GM_CHECK_LAG_COUNT","0x01A5"
"GM_CHECK_KICK_OUT_ROOM_COUNT","0x01A6"
"TIME_GATE_INFO","0x01A7"
"RESET_CRANE_NEED_MATERIAL","0x01A8"
"PC_ROOM_PLAY_TIME","0x01A9"
"SKILL_INIT","0x01AA"
"PC_ROOM_RERENT_ITEM","0x01AB"
"MILEAGE_DATA","0x01AC"
"SERIAROOM_DECO_EVENT","0x01AD"
"EVENT_ITEM_MAIL_ALRAM_TOOLTIP_","0x01AE"
"BLUE_MARBLE_ROOM_INFO","0x01AF"
"BLUE_MARBLE_DICE_INFO","0x01B0"
"BLUE_MARBLE_START","0x01B1"
"BLUE_MARBLE_CLEAR_INFO","0x01B2"
"BLUE_MARBLE_ACTION_INFO","0x01B3"
"BLUE_MARBLE_TILE_GIVE_UP_INFO","0x01B4"
"BLUE_MARBLE_ENTER_COUNT_INFO","0x01B5"
"DYNAMIC_SCRIPT_RELOADING","0x01B6"
"MAX_EQUIP_LEVEL","0x01B7"
"NEW_ACCOUNT_USER_EVENT","0x01B8"
"INFORM_NOTICE_2ND","0x01B9"
"GROWTH_WEAPON_EVENT_INFO","0x01BA"
"GROWTH_WEAPON_UESR_GIFT","0x01BB"
"REQUEST_ASSAULT","0x01BC"
"ANSWER_REQUEST_ASSAULTERS","0x01BD"
"HORROR_BONUSCERA_COUNT","0x01BE"
"RETURN_USER_LOGIN","0x01BF"
"COMBO_SKILL_INFO","0x01C0"
"CHARAC_QUEST_PIECE","0x01C1"
"HADES_ALERT","0x01C2"
"NEW_CHARAC_CREATURE_EVENT_INFO","0x01C3"
"SERIAROOM_ANIMATION_DECO_EVENT","0x01C4"
"BINGO_DATA","0x01C5"
"BINGO_MARK","0x01C6"
"HOTKEY_OPTION","0x01C7"
"DUAL_RAID_PARTY_GROUP_INFO","0x01C8"
"MULTIBOX_FAIL_CNT_OVER","0x01C9"
"START_SCRIPT_RELOAD","0x01CA"
"END_SCRIPT_RELOAD","0x01CB"
"JUMPING_CHARACTER_INFO","0x01CC"
"MATCHING_COMPLETE","0x01CD"
"PVP_MATCH_INFO","0x01CE"
"DUAL_RAID_DUNGEON_START","0x01CF"
"DUAL_RAID_DUNGEON_MOVE_INFO","0x01D0"
"MOVE_DUAL_RAID_BOSS_DUNGEON","0x01D1"
"EXIT_DUAL_RAID_USER","0x01D2"
"DUAL_RAID_DUNGEON_MAP_CLEAR","0x01D3"
"DUAL_RAID_DUNGEON_RESULT_REWARD","0x01D4"
"REWARD_ITEMS","0x01D5"
"ENTER_RACING_DUNGEON","0x01D6"
"ENTER_RACING_DUNGEON_FAIL","0x01D7"
"RACING_DUNGEON_GOAL_IN_PLAYER","0x01D8"
"RACING_DUNGEON_PLAY_RESULT","0x01D9"
"RACING_DUNGEON_JOIN_COUNT","0x01DA"
"DUAL_RAID_DUNGEON_READY_COMPLETE","0x01DB"
"GET_ITEMBOX","0x01DC"
"GENERATE_ITEMBOX","0x01DD"
"SELECT_ZOMBIE","0x01DE"
"ZOMBIE_MODE_RESULT_SCORE","0x01DF"
"MONSTER_MOVE_SYSTEM","0x01E0"
"GROWTH_ITEM_RENEW_DATA","0x01E1"
"GROWTH_ITEM_CHANGE_DATA","0x01E2"
"LOADING_CART","0x01E3"
"GOLDEN_COMMERCE_START","0x01E4"
"GOLDEN_COMMERCE_REWARD","0x01E5"
"CHURN_GRADE_ACTION","0x01E6"
"AUTH_EXCEPT_ERROR","0x01E7"
"CHARACTER_ADD_BUFF","0x01E8"
"CHARACTER_DEL_BUFF","0x01E9"
"CHARACTER_BUFF_DUNGEON","0x01EA"
"USER_FATIGUE_ACCELERATION_STATE","0x01EB"
"MINORITY_STATE","0x01EC"
"GOLDEN_COMMERCE_RANKING_INFO","0x01ED"
"GOLDEN_COMMERCE_EFFECT_INFO","0x01EE"
"DO_YOU_JOIN_STUDY","0x01EF"
"LETS_START_STUDY","0x01F0"
"DECIDE_LEVEL","0x01F1"
"DECIDE_MAIN_REWARD","0x01F2"
"PCROOM_TIMEPOINT","0x01F3"
"SELECTED_PCROOM_EVENT","0x01F4"
"RENEWAL_EVENT_CHARACTER_LOGIN","0x01F5"
"DNF_VIP_SERVICE","0x01F6"
"SERVER_NOTICE_MESSAGE","0x01F7"
"GM_PVP_MATCHING_RATING","0x01F8"
"INTEGRATE_MATCHING_PLAYER_UID_LIST","0x01F9"
"INTEGRATE_MATCHING_COMPLETE","0x01FA"
"INTEGRATE_MATCHING_STATE","0x01FB"
"INTEGRATED_MATCHING_MODE_CHANGE","0x01FC"
"INTEGRATE_PVP_TIMEOUT","0x01FD"
"INTEGRATE_MATCHING_USER_COUNT","0x01FE"
"COLLECT_PRIVATE_WINDOW_STATE","0x01FF"
"UPGRADE_ROOM_INFO","0x0200"
"UPGRADE_ROOM_UPGRADE_ITEM_STATE","0x0201"
"MODULE_EXIST","0x0202"
"MODULE_REQUEST","0x0203"
"GIVE_USER_INFO","0x0204"
"UPGRADE_ROOM_GIVE_ITEM_INFO","0x0205"
"COMBO_SCORE_INFO","0x0206"
"UPGRADE_ROOM_PUT_UP_ITEM","0x0207"
"UPGRADE_ROOM_UPGRADE_START","0x0208"
"UPGRADE_ROOM_UPGRADE_CANCEL","0x0209"
"UPGRADE_ROOM_LIST_INFO","0x020A"
"UPGRADE_JOIN_SPECTATOR_USER_INFO","0x020B"
"LEAVE_SPECTATOR_USER_INFO","0x020C"
"CREATE_UPGRADE_ROOM_INFO","0x020D"
"DESTROY_UPGRADE_ROOM_INFO","0x020E"
"UPGRADE_ROOM_MASTER_MESSAGE","0x020F"
"SPECIFIC_MONSTER_APPEAR","0x0210"
"FREE_UPGRADE_AVAILABLE_COUNT","0x0211"
"WRONG_PUNISH_USER","0x0212"
"EVENT_SLOT_MARK","0x0213"
"DUNGEON_SYSTEM_MESSAGE","0x0214"
"VILLAGE_ATTACKED_MY_INFO","0x0215"
"USE_ENCHANT_STORE","0x0216"
"UXRETURNER_UXLOG_PERMISSION","0x0217"
"AVAILABILITY_CHILDREN_DAY_EVENT_REWARD","0x0218"
"EXP_KEEPING_AMOUNT","0x0219"
"UPDATE_MILEAGE_DATA","0x021A"
"CREATE_EXPERT_JOB_STORE","0x021B"
"CLOSE_EXPERT_JOB_STORE","0x021C"
"AUCTIONPOINT_DATA","0x021D"
"SET_USABLE_COUNT_INFO","0x021E"
"CARD_BOOK_INFO","0x021F"
"UPDATE_CARD","0x0220"
"UPDATE_EXPERT_JOB_STORE","0x0221"
"DIMENSION_SPACE_INFO","0x0222"
"STRONGEST_PVP_MEMBER_CHANNELINFO","0x0223"
"EVENT_DUNGEON_TOP_RANK_INFO","0x0224"
"TERA_PIECE_CLEAR_TIME_RANK_INFO","0x0225"
"CONDITION_PASS_GATE_INFO","0x0226"
"DUNGEON_ENTER_COUNT_INFO","0x0227"
"UPDATE_SPEC_EVENT","0x0228"
"INFO_SPEC_EVENT","0x0229"
"CARD_BIND_UPGRADE_DAY_EVENT","0x022A"
"GIVE_FIGHT_DOLL_TICKET","0x022B"
"FIGHT_DOLL_LIST","0x022C"
"GAUGE_OBJECT_BAR_DATA","0x022D"
"UPDATE_GOLD_ONLY","0x022E"
"MINIMAP_ICON_INFO","0x022F"
"USER_STATE_MOTION","0x0230"
"COLLECT_SKILL_COUNT_INFO","0x0231"
"PCROOM_TIME_POINT","0x0232"
"AVATAR_SPEC_EVENT_INFO","0x0233"
"ACCOUNT_MATERIAL_STORAGE_INFO","0x0234"
"DURING_LOGIN_TIME_EVENT_INFO","0x0235"
"MYBID_LEGENDARY_AUCTION","0x0236"
"RETURN_USER_REWARD_STATE","0x0237"
"PHASE_START_SUMMON_LINE","0x0238"
"FATIGUE_USE_REWARD_INFO","0x0239"
"ATTENDANCE_MARBLE_BONUS_CHANCE","0x023A"
"PVP_STRONGEST_RELAY_TIME","0x023B"
"EXPECT_PARTY_LIST","0x023C"
"EVENT_GIFT_AVAILABILITY","0x023D"
"CREATABLE_HARDCORE_CHARAC","0x023E"
"ACCEPTED_QUEST","0x023F"
"ASSAULT_CHAOS_CHARACTER_HUNTED","0x0240"
"ASSAULT_CHAOSPOINT_INFO","0x0241"
"DIMENSION_EXPERIENCE_INFO","0x0242"
"UPDATE_PVP_MISSION","0x0243"
"UPDATE_NEW_DAILY_PVP_MISSION","0x0244"
"SEND_DECK_INFO","0x0245"
"HARDCORE_STATUE","0x0246"
"RAID_DO_BEHAVIOR","0x0247"
"RAID_SET_SYMBOL","0x0248"
"RAID_DUNGEON_PARTICIPATION_INFO","0x0249"
"RAID_DUNGEON_STATE","0x024A"
"RAID_CHANGE_DUNGEON_STATE","0x024B"
"RAID_STATE","0x024C"
"RAID_MESSAGE","0x024D"
"RAID_MEMBER_STATE","0x024E"
"RAID_LIST","0x024F"
"RAID_MODIFY","0x0250"
"RAID_WAITING_LIST","0x0251"
"RAID_WAITING_MODIFY","0x0252"
"PREPARE_START_RAID","0x0253"
"START_RAID","0x0254"
"RAID_SET_TIMER","0x0255"
"RAID_REMAIN_TIME","0x0256"
"RAID_ENTRY_COST_INFO","0x0257"
"RAID_MOVIE_SKIP","0x0258"
"RAID_REWARD_LIST","0x0259"
"RAID_RESULT","0x025A"
"SEQUENTIAL_DUNGEON_INFO","0x025B"
"DUNGEON_CLEAR_LIMIT_TIME_START","0x025C"
"RESTRICTION_INFO","0x025D"
"STAR_MARKETING_EVENT_INFO","0x025E"
"RECENT_FRIEND_LOGIN_INFO","0x025F"
"PVP_SEASON_REWARD","0x0260"
"PVP_SEASON_WARM_UP_FINISH","0x0261"
"PVP_COLOSSEUM_CONTEXT","0x0262"
"PVP_COLOSSEUM_REWARD","0x0263"
"DUNGEON_FEVER_TIME","0x0264"
"PVP_DISCONNECT_NOTI","0x0265"
"MISSION_CAPTURE_OBJECT_START","0x0266"
"MISSION_CAPTURE_OBJECT_RESULT","0x0267"
"CLEAR_PARTY_BUFF_CARD","0x0268"
"GUNNER_2_AWAKENING_EVENT_INFO","0x0269"
"CHARAC_REWARD_AS_LEVEL_EVENT_INFO","0x026A"
"GROWTYPE_EXPERIENCE_EVENT_INFO","0x026B"
"HOLIDAY_CERA_EVENT","0x026C"
"EVENT_END","0x026D"
"COUPON_SYSTEM_INFO","0x026E"
"LEVEL_UP_EVENT_INFO","0x026F"
"LEVEL_AIMING_EVENT_INFO","0x0270"
"ILLUSION_UPGRADE_EVENT_INFO","0x0271"
"ILLUSION_UPGRADE_STATE","0x0272"
"CLEAR_RAID_BUFF","0x0273"
"QUEST_DUNGEON_CLEAR_COUNT","0x0274"
"MINIGAME_EVENT_INFO","0x0275"
"DUNGEON_RESTRICT_EVENT_INFO","0x0276"
"DYNAMIC_MATERIAL_INFO","0x0277"
"CRACK_OF_DIMENSION","0x0278"
"CRACK_DAILY_INFO","0x0279"
"RAID_BUFF_SYSTEM","0x027A"
"RAID_MONSTER_HP","0x027B"
"PCROOM_ATTENDANCE_EVENT_INFO","0x027C"
"DUNGEON_BONUS_MONSTER","0x027D"
"PROPER_DUNGEON_CLEAR_REWARD_INFO","0x027E"
"EVENT_NPC_DYNAMIC_DISPLAY","0x027F"
"USER_ATTENDANCE_EVENT_INFO","0x0280"
"SERIA_CLOSET_INFO","0x0281"
"LINKED_DUNGEON_INFO","0x0282"
"GUILD_SCHOOL_EVENT_INFO","0x0283"
"PAYBACK_CHARAC_INFO","0x0284"
"PAYBACK_CHARAC_REWARD","0x0285"
"DAILY_CHALLENGE","0x0286"
"DAILY_CHALLENGE_CLEAR_DUNGEON","0x0287"
"DIMENSION_DUNGEON_STUDY_EVENT_INFO","0x0288"
"HONOR_LEVEL_INFO","0x0289"
"RAID_INOUT_SYSTEM","0x028A"
"FARM_EVENT_INFO","0x028B"
"USE_COIN_LIMIT_EVENT_INFO","0x028C"
"PCROOM_WITH_FRIEND","0x028D"
"NEW_SEMESTER_ATTENDANCE_EVENT_INFO","0x028E"
"ITEMTRADE_REG_ITEM_FINISH","0x028F"
"DUNGEON_COUNTING_INFO","0x0290"
"DUNGEON_VISIT_MAZE","0x0291"
"ENTRY_PARTY_WAIT","0x0292"
"ENTRY_INTO_PARTY_FINISH","0x0293"
"EQUIPMENT_SWAP_INFO","0x0294"
"SUDDENLY_DNF_ATTACK_EVENT_COMPLETE","0x0295"
"REAL_ESTATE_START","0x0296"
"REAL_ESTATE_USER_STATE","0x0297"
"REAL_ESTATE_MEMBER_INFO","0x0298"
"REAL_ESTATE_MAP_INFO","0x0299"
"REAL_ESTATE_REMAIN_TIME","0x029A"
"REAL_ESTATE_STATE","0x029B"
"REAL_ESTATE_USER_SCORE","0x029C"
"PCROOM_CHOICE_AND_FOCUS","0x029D"
"RENTAL_ITEM_EVENT_INFO","0x029E"
"SHOP_PURCHASE_COUNT","0x029F"
"CONNECTION_KEEPING_EVENT_INFO","0x02A0"
"UDP_PACKET_COLLECT_INFO","0x02A1"
"SECU_REQUEST_INPUT_KEY","0x02A2"
"REAL_ESTATE_GOLD_CARD_INFO","0x02A3"
"REAL_ESTATE_TAX_INFO","0x02A4"
"REAL_ESTATE_REWARD_INFO","0x02A5"
"HELL_PARTY_MONSTER_INFO","0x02A6"
"DISCONN_DUNGEON_INFO","0x02A7"
"REJOIN_DUNGEON","0x02A8"
"CANCEL_REJOIN_DUNGEON","0x02A9"
"REJOINABLE_DUNGEON","0x02AA"
"PVP_CLEAR_COMBOMISSION_LIST","0x02AB"
"REQUEST_GUILD_CREATE_PERMIT","0x02AC"
"REPLY_GUILD_CREATE_PERMIT","0x02AD"
"EVENT_DUNGEON_ENTER_COUNT_INFO","0x02AE"
"TERRITORY_COMBAT_RESPAWN","0x02AF"
"TERRITORY_COMBAT_SYMBOL","0x02B0"
"TERRITORY_COMBAT_SKILL","0x02B1"
"STORY_BOOK_INFO","0x02B2"
"RETURN_USER_WEB_EVENT_STATE","0x02B3"
"PUZZLE_EVENT_INFO","0x02B4"
"CASH_SHOP_PURCHASE_LIMIT_INFO","0x02B5"
"RENT_GUILD_SUPPORT_CHARAC","0x02B6"
"LIST_GUILD_SUPPORT_CHARAC","0x02B7"
"TERRITORY_COMBAT_CLEAR_DUNGEON","0x02B8"
"GUILD_CHARAC_EXPAND_DATA","0x02B9"
"TERRITORY_COMBAT_DECLARATION_LIST","0x02BA"
"TERRITORY_COMBAT_INDIRECT_PART_STATUS","0x02BB"
"PROPER_DUNGEON_CLEAR_EVENT_INFO","0x02BC"
"SERVER_CHARACTER_LIST","0x02BD"
"GUILD_ASSAULT_RESULT","0x02BE"
"EVENT_ONTIME","0x02BF"
"EVENT_DNFTREND_STATE","0x02C0"
"EVENT_DNFTREND_REWARD_STATE","0x02C1"
"EVENT_DNFTREND_ALL_REWARD_STATE","0x02C2"
"AUTO_USE_SPECIAL_BUFF_ITEM_USE_ITEM","0x02C3"
"EVENT_TEN_MINUTE_STATE","0x02C4"
"PREMIUM_SERVICE","0x02C5"
"CHARAC_PREMIUM_CHARAC_LINK_ITEM","0x02C6"
"LIMIT_IPGNO","0x02C7"
"CHARAC_PREMIUM_NAME_TAG","0x02C8"
"BOSS_TOWER_INFO","0x02C9"
"START_BOSS_TOWER_MAP","0x02CA"
"BOSS_TOWER_STATE_REWARD","0x02CB"
"BOSS_TOWER_STATE_EPLP","0x02CC"
"VICTORCHARAC_LOGIN","0x02CD"
"FIGHTERCHARAC_INOUT","0x02CE"
"TOPVICTORCHARAC","0x02CF"
"CON_LIMIT_INOUT_COUNT","0x02D0"
"CON_VALENTINE_EVENT","0x02D1"
"CERASHOP_BONUS_ITEM","0x02D2"
"PUNISH_CHATTING","0x02D3"
"VILLAGE_ATTACKED_COMBINE","0x02D4"
"DAILYSCHEDULE_CONTENTS_STATE","0x02D5"
"SAFE_MODE","0x02D6"
"CHARAC_MIGRATION","0x02D7"
"LIMIT_ITEM_INFO","0x02D8"
"SERVER_BROADCAST_TIME_MESSAGE","0x02D9"
"BUY_RESTRICT_ITEM_LIST","0x02DA"
"ACTION_POINT_ACTION_CLEAR","0x02DB"
"ACTION_POINT_LIST_STATE","0x02DC"
"DECORATION_INVENTORY_INFO","0x02DD"
"DECORATION_ROOM_INFO","0x02DE"
"HOUSING_INVITE_FRIEND","0x02DF"
"HOUSING_INVITE_TIMEOUT","0x02E0"
"HOUSING_ROOM_USERS","0x02E1"
"HOUSING_LEAVE_USER","0x02E2"
"HOUSING_LEAVE_OWNER","0x02E3"
"HOUSING_SEND_MESSAGE","0x02E4"
"PACKET_SERVER_TIME","0x02E5"
"PACKET_SWITCH_EQUIPSLOT","0x02E6"
"HOUSING_TREE_INFO","0x02E7"
"HOUSING_WATER_HISTORY","0x02E8"
"PERSONAL_INFO","0x02E9"
"TOURNAMENT_JOIN_BEGIN","0x02EA"
"TOURNAMENT_JOIN_END","0x02EB"
"TOURNAMENT_BEGIN","0x02EC"
"TOURNAMENT_END","0x02ED"
"TOURNAMENT_REWARD_CHARACTER_RANKING","0x02EE"
"TOURNAMENT_WINNER","0x02EF"
"TOURNAMENT_RANKERS","0x02F0"
"ADVANCE_ALTAR_STAGE_INFO","0x02F1"
"ADVANCE_ALTAR_START_MAP","0x02F2"
"ADVANCE_ALTAR_SPAWN_UNIT","0x02F3"
"ADVANCE_ALTAR_UPDATE_STAGE_CLEAR","0x02F4"
"ADVANCE_ALTAR_TEST_CHECK_GAGE","0x02F5"
"ADVANCE_ALTAR_EPLP_STATE","0x02F6"
"ADVANCE_ALTAR_CLEAR_STAGE","0x02F7"
"ADVANCE_ALTAR_UPDATE_RIDABLE","0x02F8"
"OCCUPY_DUNGEON_INFO","0x02F9"
"OCCUPY_DUNGEON_INFO_AND_MYRECORD","0x02FA"
"OCCUPY_DUNGEON_COMPLETE_INFO","0x02FB"
"EVENT_LOGIN_AND_GIFT","0x02FC"
"EVENT_PLANT_TREE","0x02FD"
"READY_USER_INFO","0x02FE"
"CANCEL_USER","0x02FF"
"CONTRACT_OF_CUBE_INFO","0x0300"
"TIME_STEP_ATTENDANCE_DATA","0x0301"
"MISS_TITLE","0x0302"
"KIRI_CARGO_INFO","0x0303"
"SUCCESS_CHAMPION_BREAK_SYSTEM","0x0304"
"PVP_TOURNAMENT_INFO","0x0305"
"MATCHING_ERROR","0x0306"
"CHANNEL_MOVE_FOR_MATCHING","0x0307"
"EVENT_RANKING_TABLE","0x0308"
"FREELY_GIVEITEM_EVENT_INFO","0x0309"
"FREELY_GIVEITEM_EVENT_INCREASE_CNT","0x030A"
"DUNGEON_MISSION_TIMER_ACTION","0x030B"
"CHRISTMAS_PACKAGES_PURCHASE_COUNT","0x030C"
"PREMIUM_EXPIRE_NOTI","0x030D"
"ACCEPT_DEVIL_QUEST","0x030E"
"SERVER_STATE_MESSAGE","0x030F"
"MINORITY_EVENT","0x0310"
"_6THEVENT_SERVER_POINT","0x0311"
"AVATAR_COIN_COUNT","0x0312"
"ARAD_CONDITION_EVENT_CLEAR_INFO","0x0313"
"VISIT_ROOM_COUNT","0x0314"
"UPDATE_AVATAR_ENDURANCE","0x0315"
"REFRESH_HUMAN_CERTIFY_JPN","0x0316"
"USER_BUY_RESTRICT_UPDATE_ITEM_LIST","0x0317"
"RENT_ITEM_USE_FATIGUE","0x0318"
"FIRST_TIME_LOGIN","0x0319"
"DAILY_REWARD_LOGIN","0x031A"
"UPDATE_ITEM_LIST_GOLDEFFECT","0x031B"
"HIT_BALL_SEED","0x031C"
"QUEST_BEFORE_70_LEVEL_EXPAND","0x031D"
"EVENT_GROWTH_PACKAGE_A","0x031E"
"LEVELUP_SUPPORT_INFO","0x031F"
"PUNISH_SHOW_TIPS","0x0320"
"DYE_BOOSTER_POINT","0x0321"
"INSPECTION_NOTICE","0x0322"
"REQUEST_MOVING_CHANNEL_SELECTING_SCENE","0x0323"
"SP_TEAM_INFO","0x0324"
"UPDATE_SP_TEAM_INFO","0x0325"
"STRONGEST_PVP_LEAGUE_JOIN_INFO","0x0326"
"OBJECT_DESTROY_REWARD","0x0327"
"TOWER_OF_DESPAIR_INFO","0x0328"
"PUZZLE_STATE_INFO","0x0329"
"RESTRICT_REGISTER_POINTSERVER_INFO","0x032A"
"DOUBLE_ATTENDANCE_STATE","0x032B"
"FIRST_LOGIN_INFO","0x032C"
"DECORATION_INVENTORY_ALTER_LIST","0x032D"
"DECORATION_INVENTORY_INSTALL_LIST","0x032E"
"FLOWER_BETTER_DANJIN_EVENT_INFO","0x032F"
"USE_GOLD_COUNT_FOR_PVP_SKILL","0x0330"
"UPGRADE_CARRY_GOLD","0x0331"
"APC_TN_STATE_INFO","0x0332"
"APC_TN_TOTAL_BETTING_COUNT","0x0333"
"APC_TN_USER_INFO","0x0334"
"RACING_DUNGEON_ENTER_COUNT","0x0335"
"SECRET_EVENT_SHOP_NPC","0x0336"
"SECRET_EVENT_SHOP_ITEM_LIST","0x0337"
"USER_CHOICE_INFO","0x0338"
"EVENT_RETURN_USER_INFO","0x0339"
"EVENT_ATTENDANCE_DATA","0x033A"
"QQ_PCROOM_BENEFIT_DATA","0x033B"
"EVENT_CREATE_DNF","0x033C"
"PCROOM_DAYILY_REWARD_STATE","0x033D"
"HERO_MISSION_STATE","0x033E"
"ADVANCE_DOBLIN_STATE","0x033F"
"GOLDEN_EGG_STATE","0x0340"
"HAPPY_HOUR_EVENT_INFO","0x0341"
"HAPPY_HOUR_EVENT_CHARAC_INFO","0x0342"
"LEVELUP_SUPPORT_3RD_EVENT_INFO","0x0343"
"JULY7TH_SOULMATE_INFO","0x0344"
"JULY7TH_RESPONSE_STATE","0x0345"
"JULY7TH_MESSAGE","0x0346"
"NEW_EMOTION_INFO","0x0347"
"NEW_EMOTION_LEARN","0x0348"
"CHALLENGE_ATTENDANCE_GIFT_INFO","0x0349"
"CHALLENGE_ATTENDANCE_STEP_INFO","0x034A"
"TICTACTOE_DATA","0x034B"
"TICTACTOE_GAME_STATE","0x034C"
"GABRIEL_INTEREST_EVENT","0x034D"
"ASKA_CARE_SERVICE","0x034E"
"ROGER_LEVINE_AUCTION_BIDDING","0x034F"
"DUNGEON_NPC_SHOP_NPC","0x0350"
"DUNGEON_NPC_SHOP_ITEM_LIST","0x0351"
"EVENT_VIEW_PAGE_INFO","0x0352"
"MONSTER_CATCH","0x0353"
"SEVENTH_MISSION_INFO","0x0354"
"DUNGEON_CLEAR_STEP_INFO","0x0355"
"EVENT_MOON_FESTIVAL_DATA","0x0356"
"EQUIPMENT_RENTAL_LIST","0x0357"
"FIRST_BUY","0x0358"
"SUPPORT_ATSWORD_LEVEL_UP_ATTANDANCE_STATUS","0x0359"
"SUPPORT_ATSWORD_LEVEL_UP_FULL_LEVEL_REWARD","0x035A"
"CHAIN_LETTERS_INFO","0x035B"
"RECEIVE_CHAIN_LETTERS","0x035C"
"REVENUE_SANCTION","0x035D"
"MUTATION_GOBLIN","0x035E"
"DNF_WITH_FRIENDS_INFO","0x035F"
"DNF_WITH_FRIENDS_FROM_MONITOR","0x0360"
"DNF_WITH_FRIENDS_LOGIN_COUNT_INFO","0x0361"
"DNF_WITH_FRIENDS_BUY_COUNT_INFO","0x0362"
"WEDDING_REQUEST","0x0363"
"WEDDING_RESPONSE","0x0364"
"WEDDING_AVATAR","0x0365"
"WEDDING_INFO","0x0366"
"WEDDING_UPGRADE_RING","0x0367"
"WEDDING_DIVORCE","0x0368"
"CHARAC_LOVE_POINT","0x0369"
"WEDDING_CEREMONY","0x036A"
"WEDDING_LETTER","0x036B"
"WEDDING_INVITED_GUESTS","0x036C"
"WEDDING_CEREMONY_BEGIN","0x036D"
"COUPLE_ROOM","0x036E"
"COUPLE_INVEN","0x036F"
"COUPLE_ROOM_UPDATE","0x0370"
"COUPLE_ROOM_REFRESH","0x0371"
"COUPLE_TREE","0x0372"
"COUPLE_SIMPLE_INFO","0x0373"
"COUPLE_TREE_HARVEST_REWARD","0x0374"
"COUPLE_GROWTH_CAPSULE","0x0375"
"COUPLE_GROWTH_CAPSULE_GAGE","0x0376"
"LET_ME_HELP_YOU_FRIEND","0x0377"
"DNF_SPY_FAN_ACHIEVEMENT","0x0378"
"EVENT_GROWTH_EQUIPMENT","0x0379"
"EVENT_NEW_NMINUTE_REWARD","0x037A"
"SHOOTINGSTAR_STATE","0x037B"
"SHOOTINGSTAR_WISH_LIST_STATE","0x037C"
"SHOOTINGSTAR_RECEIVE_STAR","0x037D"
"DIMENSION_POCKET_EVENT_INFO","0x037E"
"SAO_CURRENT_FLOOR","0x037F"
"SAO_CLEAR_REWARD","0x0380"
"COLLECT_BOX","0x0381"
"MAGIC_LAMP_EVENT","0x0382"
"GLASS_BOTTLE_LETTER_EVENT","0x0383"
"SERVER_TIME","0x0384"
"FACEBOOK_LIKE_CHARAC_DATA","0x0385"
"ON_TIME_IMD_STAT","0x0386"
"ON_TIME_IMD_REWARD_STAT","0x0387"
"THE_SEA_BOTTOM2000_INFO","0x0388"
"BUY_COUNT_INFO","0x0389"
"DRAGON_DUNGEON_INOUT_CHARAC_DATA","0x038A"
"DRAGON_DUNGEON_CHANNEL_BUFF_INFO","0x038B"
"SLOT_MACHINE_INFO","0x038C"
"SLOT_MACHINE_ADD_CHANCE","0x038D"
"EVENT_CHANGE_CLASS","0x038E"
"HELP_GROWTH","0x038F"
"SKILL_DAMAGE_RANK_EVENT","0x0390"
"SKILL_INDEX","0x0391"
"OLYMPIC_MEDAL_INFO","0x0392"
"FISHING_2ND_BUFF_INFO","0x0393"
"BUY_COUNT_INFO_SECOND","0x0394"
"TRIPLE_EXP_KEEPING_INFO","0x0395"
"RECOVERY_FATIGUE","0x0396"
"RECOVERY_FATIGUE_USE","0x0397"
"FORTUNE_DATA","0x0398"
"FORTUNE_BROADCAST","0x0399"
"BLUE_HORSE_CHARAC_DATA","0x039A"
"ACTIVITY_POINT","0x039B"
"ACTIVATE_CHARACTER","0x039C"
"USER_APC_INFO_TOS","0x039D"
"TOS_CLEAR_REWARD","0x039E"
"QUESTION","0x039F"
"TERA_PIECE_RANK_INFO","0x03A0"
"TERA_PIECE_CLEAR_INFO","0x03A1"
"PROPER_REWARD_INFO","0x03A2"
"MARBLE_DICE_HEART_REWARD","0x03A3"
"PHOENIX_WEAPON_EVENT_DATA","0x03A4"
"FIND_SIGNS_FINAL_REWARD_EVENT_DATA","0x03A5"
"CELEBRATE_BIG_TRANSITION_EVENT_DATA","0x03A6"
"GM_ITEM_SIMULATION","0x03A7"
"SKILL_USE_EVENT","0x03A8"
"VALENTINE_EVENT_2014","0x03A9"
"_2014_LIE_DAY_DELILAH_SHOP_RESULT_JPN","0x03AA"
"_2014_LIE_DAY_DELILAH_SHOP_RESET_BUY_COUNT","0x03AB"
"EVENT_SUGARTIME_DAY","0x03AC"
"EVENT_SUGARTIME_FINAL","0x03AD"
"SENSE_OF_CHOICE","0x03AE"
"DUAL_RAID_DUNGEON_BUFF_PACKET","0x03AF"
"DUAL_RAID_ENTER_COUNT","0x03B0"
"UPGRADE_TICKET_SLOT_MACHINE_COIN_INFO","0x03B1"
"GUILD_JOIN_TO_USER","0x03B2"
"UPDATE_PVP_SEASON2","0x03B3"
"JOB_LEVEL_DECISION","0x03B4"
"BEGINNER_GUILD_JOIN","0x03B5"
"PUZZLE_GAME_INFO","0x03B6"
"ECO_EVENT_RESPONSE","0x03B7"
"EVENT_SLOT_MACHINE_DATA","0x03B8"
"MISSION_ROULETTE","0x03B9"
"MISSION_ROULETTE_TRIGGER","0x03BA"
"AVATAR_CLOSET_INFO","0x03BB"
"CHANGE_AVATAR_CLOSET_SET","0x03BC"
"GUNNER2ND_ATTENDANCE_INFO","0x03BD"
"PACKAGE_BONUS_EVENT_INFO","0x03BE"
"DECREASE_CHARM_ENERGY","0x03BF"
"EVENT_QUICK_SLOT_INFO","0x03C0"
"GOLD_SILVER_HORN_INFO","0x03C1"
"MAGE_ATTENDANCE_EVENT","0x03C2"
"EVENT_TOTAL_ATTENDANCE","0x03C3"
"COMPLETE_DECIDE_LEVEL_LEVELUP","0x03C4"
"LEGEND_SWORD_INFO","0x03C5"
"EVENT_HALLOWEEN_ATTENDANCE","0x03C6"
"HELL_PARTY_BOOSTER_GAGE","0x03C7"
"DUNGEON_ENTER_COUNT_INFO_INACCOUNT","0x03C8"
"UPGRADE_FAIL_ITEM_RETURN","0x03C9"
"EVENT_VALUE_TO_CLIENT","0x03CA"
"EVENT_ROULETTE_BUFF","0x03CB"
"EVENT_ATTENDANCE_CALENDAR","0x03CC"
"CHRISTMAS_PRESENT_EXCHANGE","0x03CD"
"XIGNCODE_SECURITY_DATA","0x03CE"
"NPC_SHOP_PURCHASE_LIMIT","0x03CF"
"NPC_SHOP_PURCHASE_ONCE_LIMIT","0x03D0"
"ATTENDANCE_MARBLE_EVENT_ONE_LAB_FINISH","0x03D1"
"LONG_ATTENDANCE_INFO","0x03D2"
"LONG_ATTENDANCE_MISSION_SUCCESS","0x03D3"
"EFDS_DIMENSION_INFO","0x03D4"
"BURNING_UP_TO_SPECIFIC_LEVEL","0x03D5"
"EQUIP_AVATAR_CONDITION_DROP_INFO","0x03D6"
"INCREASE_CHANCE_LOTTERY","0x03D7"
"INCREASE_CHANCE_LOTTERY_ALL","0x03D8"
"INCREASE_CHANCE_LOTTERY_NEW_ITEM","0x03D9"
"GOAL_ATTAINMENT","0x03DA"
"MAHJONG_GAME_COUNT","0x03DB"
"MAHJONG_GAME_PLAY","0x03DC"
"AIM_FOR_THE_LEGENDARY","0x03DD"
"PROPER_DUNGEON_COUNT_ACCOUNT","0x03DE"
"TRAVELING_MERCHANT_ASKA_POSITION","0x03DF"
"ANTON_CONQUEST_CLEAR_COUNT","0x03E0"
"ACCOUNT_ONCE_GIFT_EVENT","0x03E1"
"WELCOMBACK_ATTENDANCE","0x03E2"
"WELCOMBACK_DAILY_MISSION","0x03E3"
"WELCOMBACK_DAILY_EQUIP_REWARD","0x03E4"
"KUNOICHI_HOT_TRAINING","0x03E5"
"GOLDEN_BINGO_EVENT","0x03E6"
"COLLABO_RETURN_EVENT","0x03E7"
"EVERY_DAY_DFO","0x03E8"
"SECURITY_CARD_CERT_CNT_LIMIT_UNIV","0x03E9"
"PARTY_TIME_UNIV","0x03EA"
"PRIEST_MISSION_EVENT","0x03EB"
"PRIEST_LEVELUP_SUPPORT","0x03EC"
"PRIEST_DIMENSION_SUPPORT","0x03ED"
"LIA_WALKIE_TALKIE_ATTENDENCE","0x03EE"
"COMMON_STRUCT_SAMPLE_EX_INFO","0x03EF"
"BLIND_PURCHASE","0x03F0"
"PLAY_DNF_AT_LABORDAY_STATE","0x03F1"
"SELECT_TIME_ATTENDANCE","0x03F2"
"KARON_LETHE_FREE","0x03F3"
"BURNING_TIME_BUFF","0x03F4"
"ALL_USER_GROWUP","0x03F5"
"SERVER_CONST_KEY_VALUE","0x03F6"
"_7TH_ANNIVERSARY","0x03F7"
"NEW_ACCOUNT_RECOMMAND_INFO","0x03F8"
"NEW_ACCOUNT_RECOMMAND_STATUS","0x03F9"
"CIRCUS_DUNGEON_TICKET_INFO","0x03FA"
"EPIC_BOOK_INFO","0x03FB"
"CHARACTER_MANAGE_INFO","0x03FC"
"UNDERWORLD_MAP_INFO","0x03FD"
"_8WEEK_ATTENDANCE","0x03FE"
"ATSWORDMAN_PHOENIX_WEAPON","0x03FF"
"REMAIN_DICE_COUNT_UNIV","0x0400"
"RENEWAL_HOT_TIME_EVENT","0x0401"
"LUDMILLA_SUPPORT","0x0402"
"SECOND_AWAKENING_EVENT_UNIV","0x0403"
"PVP_EVENT_ACCOUNT","0x0404"
"CLEAR_COMBO_WITH_PROLEAGUE","0x0405"
"DAILY_CHARAC_DUNGONE_CLEAR_JPN","0x0406"
"FIGHTER_SKILL_EVENT_JPN","0x0407"
"DAILY_LETHE_SUPPORT_EVENT_JPN","0x0408"
"CRACK_OF_DIMENSION_EVENT_INFO_JPN","0x0409"
"ANTIBOT","0x040A"
"DPROTO","0x040B"
"END","0x040C"
